[
    {
        "id": "c77dd7cc.4a1a3",
        "type": "mqtt in",
        "z": "29d31382.ce00bc",
        "name": "",
        "topic": "faultress/#",
        "qos": "2",
        "broker": "c0d98b72.49f6c",
        "x": 110,
        "y": 260,
        "wires": [
            [
                "1bda6927.2cd287",
                "fdfce3ec.c3549"
            ]
        ]
    },
    {
        "id": "c0d98b72.49f6c",
        "type": "mqtt-broker",
        "z": "",
        "name": "",
        "broker": "52.172.25.136",
        "port": "1883",
        "clientid": "ab",
        "usetls": false,
        "compatmode": true,
        "keepalive": "60",
        "cleansession": true,
        "willTopic": "",
        "willQos": "0",
        "willPayload": "",
        "birthTopic": "",
        "birthQos": "0",
        "birthPayload": ""
    }
]